,Linear Regression,AdaBoost Regressor,XGBoost Regressor,RandomForest Regressor
MSLE,0.000980894326308564,0.00015761042954865956,0.00031492962251612066,0.000295320778460492
Root MSLE,0.03131923253064423,0.012554299245623372,0.01774625657754673,0.017184899722154097
R2 Score,0.6552242171148207,0.9430048024229261,0.8854730500387895,0.8925797103724337
Accuracy(%),65.5224,94.3005,88.5473,89.258
