,Linear Regression,AdaBoost Regressor,XGBoost Regressor,RandomForest Regressor
MSLE,0.0009786194129895336,0.00014049788940945958,0.00032132656628840097,0.0002829791907542837
Root MSLE,0.031282893296329446,0.011853180560906831,0.01792558412683952,0.01682198533926016
R2 Score,0.6562394267356921,0.9493208371101161,0.8831167769216723,0.8967558297206482
Accuracy(%),65.6239,94.9321,88.3117,89.6756
